-17810.39058690164,-1750.0
-1776615.2859216286,-1750.0
-1776048.3569696469,-1750.0
-5075194.815957655,-1750.0
-5030152.244146202,-1750.0
-8999.381232974301,-1750.0
-8792.029051316453,-1750.0
-8666.555298630008,-1750.0
-8862.82489739544,-1750.0
-8946.38489739544,-1750.0
-9177.158660994583,-1750.0
-9136.754695716805,-1750.0
-9460.919457621567,-1750.0
-9281.86988568909,-1750.0
-1.3229359718067443E7,-1702.0
-8649.379128667486,-1702.0
-8562.185307212932,-1702.0
-9066.479184763952,-1702.0
-10119.653476147172,-1702.0
-10165.505359997009,-1702.0
-2179622.705359997,-1702.0
-2179472.0726871574,-1702.0
-118695.31723725474,-1702.0
-134064.1930422434,-1702.0
-26143.22638363993,-1702.0
-25895.90692815996,-1702.0
-25693.063371798155,-1702.0
-30023.83512360867,-1702.0
-52162.9694385012,-1702.0
-34723.64363351253,-1702.0
-42002.92610264833,-1702.0
-43887.96610264833,-1702.0
-27378.321658203888,-1702.0
-41243.827258203884,-1702.0
-37780.827258203884,-1702.0
-37780.827258203884,-1702.0
-37828.86817054956,-1702.0
-37848.293770549564,-1702.0
-8495.092718568909,-1702.0
-8528.074495112118,-1702.0
-8638.92143388763,-1702.0
-8456.894495112118,-1702.0
-8456.894495112118,-1702.0
-8953.293144091711,-1702.0
-8741.503819601916,-1702.0
-8537.354495112118,-1702.0
-17092.694788989673,-1702.0
-8715.89478898967,-1702.0
-8871.952566767448,-1702.0
-8976.11370622323,-1702.0
-17239.47370622323,-1702.0
-8446.07370622323,-1702.0
-8363.032809271857,-1702.0
-8694.912809271857,-1702.0
-9092.105241146823,-1702.0
-8561.537253716302,-1702.0
-8467.612809271857,-1702.0
-8353.98024691358,-1702.0
-8370.088024691358,-1702.0
-8394.70802469136,-1702.0
-8772.486296296296,-1702.0
-51557.76629629629,-1702.0
-86557.5050617284,-1702.0
-86554.5850617284,-1702.0
-86357.7250617284,-1702.0
-19682.936173746533,-1702.0
-8479.69464901138,-1702.0
-36656.30907377112,-1702.0
-40873.80907377112,-1702.0
-35221.88907377112,-1702.0
-35248.12907377112,-1702.0
-35271.77712932668,-1702.0
-35444.66702932667,-1702.0
-11603.370999628663,-1702.0
-11540.610999628663,-1702.0
-13234.308599628666,-1702.0
-11570.238599628667,-1702.0
-11674.808804013428,-1702.0
-11709.328804013428,-1702.0
-11712.42,-1702.0
-11718.17111111111,-1702.0
-17893.162681604634,-1702.0
-17129.31239863219,-1702.0
-17831.13239863219,-1702.0
-18187.02573196553,-1702.0
-505918.7457319655,-1702.0
-505917.75399727165,-1702.0
-505859.8926222716,-1702.0
-1102618.6426222716,-1702.0
-1102618.6426222716,-1702.0
-18655.462622271647,-1702.0
-18807.26262227165,-1702.0
-17016.584356965526,-1702.0
-11676.337019205826,-1702.0
-186762.57701920584,-1702.0
-423882.54292969964,-1702.0
-446298.0829296996,-1702.0
-355696.66292969964,-1702.0
-12013.73031866413,-1702.0
-10933.120429699653,-1702.0
-10338.400429699654,-1702.0
-10351.565645119153,-1018.0
-8672.335645119154,-1018.0
-8622.889209971763,-1018.0
-8299.889209971763,-1018.0
-8729.786352828905,-1018.0
-10648.044308981274,-1018.0
-10285.931719185355,-1018.0
-10285.931719185355,-1018.0
-10658.077743727117,-1018.0
-10730.317743727117,-1018.0
-12381.490383471908,-1018.0
-12217.630383471907,-1018.0
-11172.266402777777,-1018.0
-10372.368902777778,-1018.0
-10389.288902777778,-1018.0
-11966.088902777778,-1018.0
-12501.862747180308,-1018.0
-11454.742747180308,-1018.0
-11508.542747180309,-1018.0
-11639.712053302757,-1018.0
-9867.997767588471,-1018.0
-8693.102122180308,-1018.0
-8132.965784599145,-1018.0
-8079.3626760872685,-1018.0
-8150.402676087268,-1018.0
-8152.039735726949,-1018.0
-8125.909735726949,-1018.0
-8153.61911072695,-1018.0
-8086.963126560531,-1018.0
-14528.80312656053,-1018.0
-14489.692126560532,-1018.0
-14572.60726234568,-1018.0
-14650.797625000001,-1018.0
-14663.29,-1018.0
-14663.29,-1018.0
-14647.641322247418,-1018.0
-17036.68132224742,-1018.0
-17029.088679768203,-1018.0
-17029.088679768203,-1018.0
-17029.088679768203,-1018.0
-26382.288679768204,-1018.0
-15200.248679768203,-1018.0
-15044.608679768204,-1018.0
-64247.6486797682,-1018.0
-67128.1286797682,-1018.0
-8904.368679768204,-1018.0
-8856.688679768204,-1018.0
-8856.688679768204,-1018.0
-9601.765265306123,-1018.0
-9607.41438898967,-1018.0
-8833.579123683547,-1018.0
-9383.22,-1018.0
-8700.3144,-1018.0
-8692.0944,-1018.0
-10127.4944,-1018.0
-10418.063454432791,-1018.0
-9464.790959194695,-1018.0
-1749207.510959195,-1018.0
-1732593.884147656,-1018.0
-8314.949107997922,-1018.0
-8210.285922882023,-1018.0
-8210.65300138259,-1018.0
-8182.6537447436385,-1018.0
-8182.6537447436385,-1018.0
-13587.906837260647,-1018.0
-13734.970837260646,-1018.0
-17760.55651120997,-1018.0
-14928.310511209967,-1018.0
-15003.516766042732,-1018.0
-16602.056766042733,-1018.0
-16608.596766042734,-1018.0
-15581.416766042732,-1018.0
-15575.585724376067,-1018.0
-15325.705724376068,-1018.0
-15320.46802328637,-1018.0
-12735.614613264957,-1018.0
-12772.860238264957,-1018.0
-14635.496238264956,-1018.0
-12343.571863264957,-1018.0
-12482.231863264957,-1018.0
-10618.891863264957,-1018.0
-10648.976238264957,-1018.0
-10648.976238264957,-1018.0
-10648.976238264957,-1018.0
-8430.574988264956,-1018.0
-8447.304988264956,-1018.0
-8406.895901983777,-1018.0
-8473.625526983778,-1018.0
-8426.865526983778,-1018.0
-8503.691205996123,-1018.0
-8948.585526983778,-1018.0
-8977.701151983778,-1018.0
-9435.075526983777,-1018.0
-9366.061635394624,-1018.0
-8709.365653251767,-1018.0
-8709.365653251767,-1018.0
-10027.365653251767,-1018.0
-10027.365653251767,-1018.0
-9195.153741791903,-1018.0
-9115.953741791902,-1018.0
-9273.164865523913,-1018.0
-9356.139726635025,-1018.0
-8877.739726635024,-1018.0
-8941.419726635024,-1018.0
-8941.419726635024,-1018.0
-8944.008697874631,-1018.0
-8770.251720445607,-1018.0
-8894.211720445606,-1018.0
-8822.691720445606,-1018.0
-8724.838387112273,-1018.0
-8731.417762112273,-1018.0
-8734.337762112273,-1018.0
-8765.377762112274,-1018.0
-8865.911095445605,-1018.0
-8961.959216143514,-1018.0
-8636.401191452158,-1018.0
-8429.041191452157,-1018.0
-9144.336747007712,-1018.0
-9337.116500094133,-1018.0
-9337.116500094133,-1018.0
-9021.275512439812,-1018.0
-8976.515512439812,-1018.0
-9755.675512439811,-1602.0
-18290.93427787191,-1602.0
-12279.89477169907,-1602.0
-20856.259137144993,-1602.0
-8584.699137144991,-1602.0
-8585.69941492277,-1602.0
-8477.659137144992,-1602.0
-13424.645387144992,-1602.0
-18290.066081589437,-1602.0
-9159.725537144992,-1602.0
-14775.205537144991,-1602.0
-14875.159137144992,-1602.0
-11657.186791597906,-1602.0
-11657.186791597906,-1602.0
-11575.864791597905,-1602.0
-11404.776791597906,-1602.0
-11547.816791597905,-1602.0
-8859.736791597905,-1602.0
-8859.736791597905,-1602.0
-8836.945386552554,-1602.0
-8787.271792493912,-1602.0
-8695.857914942892,-1602.0
-8683.191792493912,-1602.0
-8822.534747232196,-1602.0
-8862.386110740006,-1602.0
-9389.79179249391,-1602.0
-8893.393197539262,-1602.0
-1.1769030776136702E7,-1602.0
-24662.652652898854,-1602.0
-24694.492652898854,-1602.0
-55894.97265289886,-1602.0
-9166.223277898855,-1602.0
-8705.618038896588,-1602.0
-8705.618038896588,-1602.0
-8730.259004479858,-1602.0
-8766.739004479858,-1602.0
-8650.459004479857,-1602.0
-8559.257129479858,-1602.0
-8645.127129479857,-1602.0
-8637.310924918816,-1602.0
-8625.470924918816,-1602.0
-8650.064598388202,-1602.0
-8662.913147141036,-1602.0
-8662.913147141036,-1602.0
-8773.14734237126,-1602.0
-8658.54734237126,-1602.0
-527100.4673423712,-1602.0
-1045477.7873423712,-1602.0
-11626.891558728583,-1602.0
-11666.087363498362,-1602.0
-11647.167363498362,-1602.0
-12288.487363498361,-1602.0
-11765.98514127614,-1602.0
-11678.30514127614,-1602.0
-11316.54514127614,-1602.0
-11316.54514127614,-1602.0
-8904.163682942808,-1602.0
-8904.163682942808,-1602.0
-8901.149238498363,-1602.0
-8901.149238498363,-1602.0
-9436.789238498362,-1602.0
-9516.869238498362,-1602.0
-9516.869238498362,-1602.0
-10334.189238498362,-1602.0
-9794.909238498361,-1602.0
-9794.909238498361,-1602.0
-9794.909238498361,-1602.0
-9794.909238498361,-1602.0
-10693.789238498362,-1602.0
-9794.909238498361,-1602.0
-9786.199238498362,-1602.0
-9781.599238498362,-1602.0
-9781.599238498362,-1602.0
-9853.398272915092,-1602.0
-9853.398272915092,-1602.0
-9924.91827291509,-1602.0
-9837.238272915092,-1602.0
-9019.91827291509,-1602.0
-9019.91827291509,-1602.0
-9019.91827291509,-1602.0
-9019.91827291509,-1602.0
-10455.798272915092,-1602.0
-10455.798272915092,-1602.0
-9019.91827291509,-1602.0
-9019.91827291509,-1602.0
-9019.91827291509,-1602.0
-9019.91827291509,-1602.0
-9019.91827291509,-1602.0
-9100.198272915091,-1602.0
-9100.198272915091,-1602.0
-9100.198272915091,-1602.0
-9100.198272915091,-1602.0
-9706.708272915093,-1602.0
-10304.508272915093,-1602.0
-10464.109238498362,-1602.0
-10435.811738498362,-1602.0
-10435.811738498362,-1602.0
-10435.811738498362,-1602.0
-10300.851738498362,-1602.0
-10370.749238498362,-1602.0
-10373.763682942807,-1602.0
-9301.52479405392,-1602.0
-12129.670349609474,-1602.0
-9129.070349609474,-1602.0
-9090.807849609473,-1602.0
-8871.853104203696,-1602.0
-8871.853104203696,-1602.0
-8792.493104203695,-1602.0
-8792.493104203695,-1602.0
-8792.493104203695,-1602.0
-8691.66754864814,-1602.0
-8766.63754864814,-1602.0
-8691.66754864814,-1602.0
-8719.623365196892,-1602.0
-8719.623365196892,-1602.0
-8719.623365196892,-1602.0
-8719.623365196892,-1602.0
-8651.346029506165,-1602.0
-8717.392545219127,-1602.0
-8712.026094632707,-1602.0
-8712.026094632707,-1602.0
-8719.49408506172,-1602.0
-8742.477099882923,-1602.0
-8728.95589114369,-1602.0
-13412.620044973371,-1602.0
-17052.173753375562,-1602.0
-17877.901743804574,-1602.0
-16109.51834395018,-1602.0
-15698.896675368673,-1602.0
-15751.666675368673,-1602.0
-15781.376675368672,-1602.0
-15495.658480858025,-1602.0
-15530.218480858026,-1602.0
-14925.186471287037,-1602.0
-14925.186471287037,-1602.0
-16125.59446171605,-1602.0
-16335.77258671605,-1602.0
-16335.77258671605,-1602.0
-16302.73006909344,-1602.0
-16167.949444093441,-1602.0
-20634.429444093443,-1602.0
-119763.58944409345,-1602.0
-119764.79196171604,-1602.0
-21718.283412302473,-1602.0
-21718.283412302473,-1602.0
-21718.283412302473,-1602.0
-21409.458872459876,-1602.0
-13811.807421873456,-1602.0
-14935.218872459875,-1602.0
-16193.690862888889,-1602.0
-20599.382657330247,-1602.0
-15359.712923161627,-1602.0
-12688.976942303601,-1602.0
-12095.137553480221,-1602.0
-12095.137553480221,-1602.0
-12106.05654065596,-1602.0
-11900.411016186572,-1602.0
-11900.411016186572,-1602.0
-14166.170457202003,-1602.0
-14166.170457202003,-1602.0
-12974.776942303602,-1602.0
-12972.801263291258,-1602.0
-13018.041263291258,-1602.0
-12971.625292856323,-1602.0
-12104.068762904824,-1602.0
-12432.112453381016,-1602.0
-13345.104828437707,-1602.0
-13020.544828437707,-1602.0
-11883.764655958805,-1602.0
-11883.764655958805,-1602.0
-10548.396665529792,-1602.0
-10548.396665529792,-1602.0
-11750.208116116213,-1602.0
-11561.088116116214,-1602.0
-10462.8961256872,-1602.0
-11605.797941015433,-1602.0
-11594.433496570988,-1602.0
-19600.98204598457,-1602.0
-10522.26204598457,-1602.0
-10522.26204598457,-1602.0
-10530.972045984568,-1602.0
-10545.51476203395,-1602.0
-10416.377478083334,-1602.0
-10349.01204598457,-1602.0
-10174.572045984569,-1602.0
-10174.572045984569,-1602.0
-10185.936490429012,-1602.0
-8785.968499999999,-1602.0
-10953.539268976758,-1602.0
-8877.179268976757,-1602.0
-8877.179268976757,-1602.0
-567064.0592689768,-1602.0
-567064.0592689768,-1602.0
-566697.1792689768,-1602.0
-566776.5392689768,-1602.0
-566776.5392689768,-1602.0
-566926.6485,-1602.0
-566926.6485,-1602.0
-566926.6485,-1602.0
-566922.231,-1602.0
-566922.231,-1602.0
-67921.91100000001,-1602.0
-67763.191,-1602.0
-67763.191,-1602.0
-67763.191,-1602.0
-448370.101,-1602.0
-448370.101,-1602.0
-448360.261,-1602.0
-201479.10099999997,-1602.0
-201665.725,-1602.0
-394388.65786419756,-1602.0
-394120.407,-1602.0
-394109.71481250005,-1602.0
-394111.06200000003,-1602.0
-394107.2679183674,-1602.0
-8684.067918367347,-1602.0
-8645.259918367346,-1602.0
-8575.149918367348,-1602.0
-8813.572775510203,-1602.0
-8498.216833317761,-1602.0
-8433.296833317761,-1602.0
-8361.776833317761,-1602.0
-8500.41683331776,-1602.0
-8240.49671010505,-1602.0
-8164.056710105051,-1602.0
-8281.501154549494,-1602.0
-8188.621277762206,-1602.0
-8028.0612777622055,-1602.0
-8041.2102223781185,-1602.0
-8842.010222378118,-1602.0
-9371.474919643742,-1602.0
-8672.390475199298,-1602.0
-8887.8704751993,-1602.0
-8887.8704751993,-1602.0
-8911.710475199297,-1602.0
-8911.710475199297,-1602.0
-8911.710475199297,-1602.0
-8956.470475199298,-1602.0
-8843.070777933674,-1602.0
-19149.908277933675,-1602.0
-19584.084277933674,-1602.0
-19584.084277933674,-1602.0
-19584.084277933674,-1602.0
-23608.224277933674,-1602.0
-825411.8939176415,-1602.0
-806707.1445779337,-1602.0
-807768.5049779336,-1602.0
-811312.6649779336,-1602.0
-809033.1274779337,-1602.0
-1596871.5674779338,-1602.0
-1596873.0074779338,-1602.0
-1583638.0874779338,-1602.0
-1583200.1802779338,-1602.0
-2387750.660277934,-1602.0
-2387750.660277934,-1602.0
-2387680.360277934,-1602.0
-796224.0802779337,-1602.0
-796224.0802779337,-1602.0
-796224.0802779337,-1602.0
-796224.0802779337,-1602.0
-796295.1202779338,-1602.0
-796295.1202779338,-1602.0
-798895.0700955002,-1602.0
-798969.0583175665,-1602.0
-1586968.9783175664,-1602.0
-798958.3271361744,-1602.0
-799015.4627385938,-1602.0
-796425.3839441842,-1602.0
-866722.4639441841,-1602.0
-796403.0216638203,-1602.0
-796403.0216638203,-1602.0
-796403.0216638203,-1602.0
-796403.0216638203,-1602.0
-796471.4696638202,-1602.0
-796468.8257097501,-1602.0
-796419.88508475,-1602.0
-8475.4850847501,-1602.0
-8475.4850847501,-1602.0
-8543.9330847501,-1602.0
-8564.82197363899,-1602.0
-9732.513424225408,-1602.0
-8577.26197363899,-1602.0
-8577.26197363899,-1602.0
-8577.26197363899,-1602.0
-8609.10197363899,-1602.0
-8618.311973638989,-1602.0
-8618.311973638989,-1602.0
-8592.18197363899,-1602.0
-8592.18197363899,-1602.0
-8609.10197363899,-1602.0
-8549.58197363899,-1602.0
-8504.82197363899,-1602.0
-8504.82197363899,-1602.0
-8504.82197363899,-1602.0
-8504.82197363899,-1602.0
-8917.310887082174,-1602.0
-8567.45197363899,-1602.0
-8567.45197363899,-1602.0
-10508.57197363899,-1602.0
-11506.626907191774,-1602.0
-8586.368316748358,-1602.0
-8562.57318096321,-1602.0
-8610.25068096321,-1602.0
-11600.484851165087,-1602.0
-11625.12581674836,-1602.0
-8451.845816748357,-1602.0
-8451.845816748357,-1602.0
-8459.525816748357,-1602.0
-8406.925816748357,-1602.0
-8380.497594682032,-1602.0
-8476.01759468203,-1602.0
-8502.445816748357,-1602.0
-8502.445816748357,-1602.0
-8388.165816748358,-1602.0
-8406.402,-1602.0
-8389.482,-1602.0
-8389.482,-1602.0
-9213.242,-1602.0
-9584.141184027778,-1602.0
-9724.871184027777,-1602.0
-11591.242,-1602.0
-10692.002,-1602.0
-8635.841999999999,-1602.0
-8448.7245,-1602.0
-8442.238694921874,-1602.0
-8421.401194921875,-1602.0
-15789.57442868805,-1602.0
-5.629092755887834E8,-1602.0
-8497.866072699653,-1602.0
-8591.826072699652,-1602.0
-8238.666072699652,-1602.0
-8166.426072699653,-1602.0
-8166.426072699653,-1602.0
-8166.426072699653,-1602.0
-7999.386072699653,-1602.0
-7927.146072699652,-1602.0
-101435.10607269967,-1602.0
-7644.386072699653,-1602.0
-7641.538294921875,-1602.0
-7670.802757421875,-1602.0
-9957.68316035555,-1602.0
-9544.224328742826,-1602.0
-9009.698144559152,-1602.0
-9089.05814455915,-1602.0
-8088.503483460097,-1602.0
-8061.203949637277,-1602.0
-8049.808394081721,-1602.0
-7986.488394081722,-1602.0
-8062.928394081722,-1602.0
-8178.245546859499,-1602.0
-8047.225546859499,-1602.0
-8047.482054796007,-1602.0
-8116.032054796007,-1602.0
-8116.032054796007,-1602.0
-2078323.5760547947,-1602.0
-2079493.567165906,-1602.0
-2079572.9271659062,-1602.0
-1331236.083165907,-1602.0
-8606.364054796006,-1602.0
-8624.188499240452,-1602.0
-9347.308499240451,-1602.0
-9172.868499240452,-1602.0
-8521.988499240451,-1602.0
-12293.402943684896,-1602.0
-12710.696004909387,-1602.0
-8679.679678378774,-1602.0
-9371.079678378774,-1602.0
-1243231.3983450455,-1602.0
-8286.83834504544,-1602.0
-8171.0919504876165,-1602.0
-8169.878277018229,-1602.0
-8122.755166666666,-1602.0
-8054.160317050893,-1602.0
-7935.993561728395,-1602.0
-8056.029117283951,-1602.0
-8053.695783950617,-1602.0
-8002.3332839506165,-1602.0
-8047.531728395062,-1602.0
-8418.051728395061,-1602.0
-8471.957283950616,-1602.0
-8376.417283950617,-1602.0
-8352.937283950618,-1602.0
-8688.112369610822,-1602.0
-8761.526814055265,-1602.0
-8775.471085660205,-1602.0
-9140.311579487365,-1602.0
-22666.900567901237,-1602.0
-22554.319827160492,-1602.0
-186229.41792503803,-1602.0
-22475.46042527085,-1602.0
-22055.772400579488,-1602.0
-22055.772400579488,-1602.0
-23911.899067246155,-1602.0
-23910.72593533836,-1602.0
-39458.405935338356,-1602.0
-10707.18038986091,-1602.0
-11113.430281798424,-1602.0
-11034.241129944925,-1602.0
-10695.81268300615,-1602.0
-44372.43546545296,-1602.0
-40826.16546545296,-1602.0
-40350.67746545296,-1602.0
-40325.83534004305,-1602.0
-40427.182041046406,-1602.0
-39869.98134660196,-1602.0
-30580.13134660196,-1602.0
-30580.13134660196,-1602.0
-7986.814456953524,-1018.0
-8059.195691521425,-1018.0
-8059.195691521425,-1018.0
-7988.603677632536,-1018.0
-7988.603677632536,-1018.0
-8222.60018569502,-1018.0
-8223.453484691663,-1018.0
-8261.7791397722,-1018.0
-8261.7791397722,-1018.0
-8261.7791397722,-1018.0
-8261.7791397722,-1018.0
-8228.120546022199,-1018.0
-8247.561434911087,-1018.0
-8318.175028661088,-1018.0
-8318.175028661088,-1018.0
-8318.175028661088,-1018.0
-8355.133028661088,-1018.0
-8336.453028661088,-1018.0
-8336.453028661088,-1018.0
-8272.733028661089,-1018.0
-9902.221856423183,-1018.0
-9335.275595400255,-1018.0
-9174.750039844701,-1018.0
-8295.02840719164,-1018.0
-8159.098407191639,-1018.0
-8001.973962747194,-1018.0
-8427.211462747195,-1018.0
-53937.771462747194,-1018.0
-53336.61146274719,-1018.0
-8983.459361107316,-1018.0
-8768.5592590665,-1018.0
-8765.6960590665,-1018.0
-8821.3760590665,-1018.0
-8646.476045563415,-1018.0
-8344.742451813414,-1018.0
-8285.304616667598,-1018.0
-8286.931022917597,-1018.0
-8220.234514855112,-1018.0
-8079.077625206675,-1018.0
-11521.582350249193,-1018.0
-9333.697022331266,-1018.0
-9413.057022331264,-1018.0
-8150.074057151119,-1018.0
-9608.478869651119,-1018.0
-12735.145275901119,-1018.0
-9386.359775901119,-1018.0
-9366.53618215112,-1018.0
-9882.073071799556,-1018.0
-9912.221871799557,-1018.0
-10364.372848265606,-1018.0
-14962.719059299556,-1018.0
-14951.103300695375,-1018.0
-10295.303300695376,-1018.0
-10371.756894445374,-1018.0
-10300.186894445374,-1018.0
-10635.276894445375,-1018.0
-10653.02978873132,-1018.0
-10700.54978873132,-1018.0
-11288.789788731321,-1018.0
-10738.986342742091,-1018.0
-10732.259936492092,-1018.0
-11141.003640195795,-1018.0
-11556.337233945795,-1018.0
-11557.963640195794,-1018.0
-10656.843640195795,-1018.0
-10656.843640195795,-1018.0
-11195.083640195795,-1018.0
-10508.883640195794,-1018.0
-10527.669140195796,-1018.0
-9565.809765195796,-1018.0
-9154.001294730942,-1018.0
-8627.92741717992,-1018.0
-8710.447417179921,-1018.0
-8702.955988608493,-1018.0
-9172.689866159513,-1018.0
-9172.689866159513,-1018.0
-9226.743459909514,-1018.0
-9372.663459909514,-1018.0
-9823.223459909514,-1018.0
-9857.063459909514,-1018.0
-9914.802834909515,-1018.0
-9914.802834909515,-1018.0
-9253.722834909515,-1018.0
-8889.837334909513,-1018.0
-9002.752890465068,-1018.0
-9002.752890465068,-1018.0
-9002.752890465068,-1018.0
-9146.655606514452,-1018.0
-9519.301106514453,-1018.0
-9068.741106514452,-1018.0
-9609.626106514452,-1018.0
-9678.074106514452,-1018.0
-672334.0305677388,-1018.0
-671784.0960452899,-1018.0
-671704.0160452899,-1018.0
-671704.0160452899,-1018.0
-671704.0160452899,-1018.0
-671631.7760452899,-1018.0
-671631.7760452899,-1018.0
-813482.2160452899,-1018.0
-813717.7468742831,-1018.0
-813660.3938130586,-1018.0
-947320.9429840654,-1018.0
-8515.262984065472,-994.0
-8595.182984065472,-994.0
-8675.739492127957,-994.0
-9106.539492127957,-994.0
-10173.350331130223,-994.0
-1570867.172466681,-994.0
-1570835.9223432243,-994.0
-8719.583972853581,-994.0
-8791.823972853581,-994.0
-8791.823972853581,-994.0
-8872.380480916065,-994.0
-8638.87893795814,-994.0
-8638.87893795814,-994.0
-8868.198937958141,-994.0
-8868.198937958141,-994.0
-8939.71893795814,-994.0
-8939.71893795814,-994.0
-8939.71893795814,-994.0
-8925.24004906925,-994.0
-8925.24004906925,-994.0
-8925.24004906925,-994.0
-8925.24004906925,-994.0
-8925.24004906925,-994.0
-8908.32004906925,-994.0
-8918.216715735918,-906.0
-8918.216715735918,-906.0
-8918.216715735918,-906.0
-8935.136715735918,-906.0
-8935.136715735918,-906.0
-9150.421160180362,-906.0
-9433.73643795814,-906.0
-9222.643104624807,-906.0
-9200.90987654321,-906.0
-9194.825432098765,-906.0
-9146.798765432099,-906.0
-9100.287654320988,-906.0
-9100.287654320988,-906.0
-9089.674320987653,-906.0
-9089.674320987653,-906.0
-9033.994320987655,-906.0
-9033.994320987655,-906.0
-9033.994320987655,-906.0
-9065.244444444445,-906.0
-9065.244444444445,-906.0
-9217.830444444444,-906.0
-9217.830444444444,-906.0
-9217.830444444444,-906.0
-9065.244444444445,-906.0
-9065.244444444445,-906.0
-8993.004444444445,-906.0
-8906.238888888889,-906.0
-8850.558888888889,-906.0
-8872.674444444445,-906.0
-8872.674444444445,-906.0
-36785.84444444445,-906.0
-36769.85444444444,-906.0
-8777.324444444444,-906.0
-8851.190850694446,-906.0
-8849.564444444444,-906.0
-8849.564444444444,-906.0
-9002.444444444445,-906.0
-9002.444444444445,-906.0
-9002.444444444445,-906.0
-9083.084444444445,-906.0
-9083.084444444445,-906.0
-9083.084444444445,-906.0
-9163.502400596812,-906.0
-112739.18240059681,-906.0
-216314.86240059682,-906.0
-499977.16444444447,-906.0
-499977.16444444447,-906.0
-499999.28,-906.0
-1.028426468E7,-906.0
-1.028426468E7,-906.0
-12151.4,-906.0
-9160.88,-906.0
-9216.56,-906.0
-9216.56,-906.0
-9216.56,-906.0
-9151.96,-906.0
-9151.96,-906.0
-9087.36,-906.0
-9087.36,-906.0
-9087.36,-906.0
-9087.36,-906.0
-9466.67284205562,-906.0
-9003.4,-906.0
-8967.84,-906.0
-8956.444864214853,-906.0
-8956.444864214853,-906.0
-274400.68486421485,-906.0
-459032.44486421486,-906.0
-63183.33161928268,-906.0
-63215.17161928268,-906.0
-44893.05161928268,-906.0
-26929.691619282676,-906.0
-27215.410631628358,-906.0
-27215.410631628358,-906.0
-27215.410631628358,-906.0
-27209.81063162836,-906.0
-11075.260631628358,-906.0
-9070.09545415922,-906.0
-9070.09545415922,-906.0
-9070.09545415922,-906.0
-9070.09545415922,-906.0
-9070.376482322801,-906.0
-9071.816482322802,-906.0
-9071.816482322802,-906.0
-12923.3364823228,-906.0
-12923.3364823228,-906.0
-12923.3364823228,-906.0
-12945.518183003074,-906.0
-12879.098183003074,-906.0
-12879.098183003074,-906.0
-13248.378358003076,-906.0
-13507.578358003077,-906.0
-13726.356135780854,-906.0
-13093.778435100578,-906.0
-14451.935603310454,-906.0
-12835.374978310454,-906.0
-12835.374978310454,-906.0
-8951.694978310456,-906.0
-8951.694978310456,-906.0
-8932.774978310455,-906.0
-8932.774978310455,-906.0
-8932.774978310455,-906.0
-8802.430863727122,-906.0
-8802.430863727122,-906.0
-9523.682022620065,-906.0
-9399.244892606815,-906.0
-9364.155372600579,-906.0
-9318.901797060455,-906.0
-9307.399574838233,-906.0
-9307.399574838233,-906.0
-9323.494268715784,-906.0
-8993.088463727121,-906.0
-8993.088463727121,-906.0
-8913.878463727122,-906.0
-8913.878463727122,-906.0
-8902.483327941974,-906.0
-11135.453727941975,-906.0
-11019.803727941973,-906.0
-10996.883190561226,-906.0
-10291.452170153061,-906.0
-9515.692170153061,-906.0
-9048.513836550454,-906.0
-10326.433836550454,-906.0
-10254.913836550455,-906.0
-10321.343836550453,-906.0
-10914.943836550454,-906.0
-10890.250775325963,-906.0
-10239.788144075963,-906.0
-9048.559922009637,-906.0
-8977.519922009637,-906.0
-8977.519922009637,-906.0
-9049.458378259638,-906.0
-9049.458378259638,-906.0
-9129.738378259637,-906.0
-9129.738378259637,-906.0
-9129.738378259637,-906.0
-9129.738378259637,-906.0
-9129.738378259637,-906.0
-9623.538378259638,-906.0
-9623.538378259638,-906.0
-9623.538378259638,-906.0
-9194.006642148526,-906.0
-9194.006642148526,-906.0
-9194.006642148526,-906.0
-9194.006642148526,-906.0
-9194.006642148526,-906.0
-9219.576642148526,-906.0
-9150.733319926303,-906.0
-9234.587808630951,-906.0
-9326.687619557822,-906.0
-9326.687619557822,-906.0
-9326.687619557822,-906.0
-9326.687619557822,-906.0
-9405.790837244898,-906.0
-9405.790837244898,-906.0
-9449.35637057823,-906.0
-9449.35637057823,-906.0
-9587.825234793083,-906.0
-9587.825234793083,-906.0
-9862.716734793084,-2595.0
-9862.716734793084,-2595.0
-9862.716734793084,-2595.0
-9724.247870578232,-2595.0
-13635.8216968688,-2595.0
-13663.42332952186,-2595.0
-13599.74332952186,-2595.0
-13664.841829521862,-2595.0
-13669.852329521862,-2595.0
-13669.852329521862,-2595.0
-9586.23232952186,-2595.0
-9586.23232952186,-2595.0
-9586.23232952186,-2595.0
-9586.23232952186,-2595.0
-9482.374273966305,-2595.0
-9482.374273966305,-2595.0
-9403.022309092321,-1842.8035126015366
-11732.30230909232,-1842.8035126015366
-11732.30230909232,-1842.8035126015366
-11732.30230909232,-1842.8035126015366
-11650.789420203431,-1842.8035126015366
-11512.320555988577,-1842.8035126015366
-11512.320555988577,-1842.8035126015366
-11512.320555988577,-1842.8035126015366
-11512.320555988577,-1842.8035126015366
-11512.320555988577,-1842.8035126015366
-11650.789420203431,-1842.8035126015366
-11517.358923335518,-1842.8035126015366
-11517.358923335518,-1842.8035126015366
-13820.21070126919,-1842.8035126015366
-13436.347145401845,-1842.8035126015366
-9122.347145401845,-1842.8035126015366
-9122.347145401845,-1842.8035126015366
-9154.187145401846,-1842.8035126015366
-9015.718281186992,-1842.8035126015366
-9015.718281186992,-1842.8035126015366
-63117.37872563144,-1842.8035126015366
-9327.221614520326,-1842.8035126015366
-9134.521170075881,-1842.8035126015366
-9134.521170075881,-1842.8035126015366
-9226.361170075881,-1842.8035126015366
-9071.80117007588,-1842.8035126015366
-9226.361170075881,-1842.8035126015366
-9331.80827324074,-1842.8035126015366
-9291.96827324074,-1842.8035126015366
-9291.96827324074,-1842.8035126015366
-52396.50605101851,-1842.8035126015366
-73948.7749399074,-1842.8035126015366
-120789.32827324074,-1842.8035126015366
-157734.08827324075,-1750.0
-157764.89827324075,-1750.0
-157734.08827324075,-1750.0
-157734.08827324075,-1750.0
-120528.12827324074,-1750.0
-157430.86500935187,-1750.0
-120479.32120707167,-1750.0
-46252.721207071685,-1750.0
-46188.88120707168,-1750.0
-46188.88120707168,-1750.0
-46319.48120707168,-1750.0
-46273.28120707168,-1842.8035126015366
-46273.28120707168,-1842.8035126015366
-46273.28120707168,-1842.8035126015366
-46273.28120707168,-1842.8035126015366
-46273.28120707168,-1842.8035126015366
-46273.28120707168,-1842.8035126015366
-46273.28120707168,-1842.8035126015366
-9125.86120707168,-1842.8035126015366
-9125.86120707168,-1842.8035126015366
-9125.86120707168,-1842.8035126015366
-9125.86120707168,-1842.8035126015366
-9108.94120707168,-1842.8035126015366
-9142.781207071681,-1842.8035126015366
-9142.781207071681,-1842.8035126015366
-9142.781207071681,-1842.8035126015366
-9053.26120707168,-1842.8035126015366
-9085.10120707168,-1842.8035126015366
-10128.348198681037,-1842.8035126015366
-10128.348198681037,-1842.8035126015366
-9372.776198681036,-1842.8035126015366
-9372.776198681036,-1842.8035126015366
-9372.49859789733,-1842.8035126015366
-9372.49859789733,-1842.8035126015366
-9372.49859789733,-1842.8035126015366
